id,name,email,age,salary,department,hire_date
9406,Marisa Owens,robertlopez@example.com,39,67884.71,Finance,2024-11-19
218,Zachary Sparks,zsampson@example.com,76,86009.65,Finance,2024-07-29
1848,Matthew Garcia,qsanchez@example.com,63,91788.49,Sales,2020-11-10
5815,Chad Choi,alecwoods@example.net,36,74765.26,Engineering,2021-08-04
3972,Susan Lopez,huynhcameron@example.com,30,103384.04,Finance,2021-10-17
7264,Stephanie Newman,lball@example.com,64,43827.97,Engineering,2020-10-20
8386,Cheryl Woodward,griffithwillie@example.com,53,54069.99,Sales,2020-04-08
9904,Rebekah Brown,williamsmegan@example.com,22,,Marketing,2024-08-09
7049,Alexa Hopkins,monroeteresa@example.org,57,125434.01,Sales,2023-07-12
5508,Lee Owens MD,brogers@example.org,56,147266.0,HR,2021-08-09
8731,Andrea Nelson,vincentmarsh@example.org,64,81778.05,Finance,2024-05-31
2763,Kenneth Montes,perezkeith@example.com,78,123168.4,HR,2023-01-05
3250,Anthony Palmer,julia55@example.com,28,33206.12,Engineering,2020-03-29
9152,Ryan Flores,sstewart@example.net,49,110595.54,Finance,2022-02-18
3561,Stephanie Nelson,elee@example.com,45,69812.52,Finance,2020-12-18
2527,Jason Bolton,munozgrant@example.com,60,94628.11,Engineering,2021-04-21
4897,Paige Rice,petersonhunter@example.com,68,89003.6,Finance,2024-10-11
1110,Devin Butler,pittssherry@example.net,18,72770.98,Marketing,2023-03-30
2109,Rebekah Ochoa,petermorales@example.org,48,37514.25,Finance,2021-08-22
5997,Paul Castro,scottyoung@example.com,25,86962.25,Marketing,2020-10-26
5562,Jose Walker,georgemalik@example.org,49,59702.06,Sales,2020-09-09
2250,Eric Webb,derrick56@example.org,36,127749.05,Sales,2022-08-15
7409,Robert Stone,lisaibarra@example.com,26,81555.22,Finance,2020-06-10
7541,Laura Garcia,reedkimberly@example.org,23,,HR,2023-01-05
7457,Steven Ortiz,upittman@example.org,48,116095.07,Finance,2020-12-06
2659,Stacie James,brookemeyer@example.com,40,139113.13,Marketing,2021-09-21
8486,Melissa Williams,ryan89@example.org,76,,HR,2023-02-19
8467,Mr. Benjamin Garrison,jaredmorales@example.net,27,128588.11,Engineering,2023-10-20
8885,Heather Davis,adriangarcia@example.org,69,44531.91,Sales,2024-10-06
7927,Donna Newton,beth39@example.org,48,81904.33,Finance,2024-11-04
9346,Rachel Norman,jasonfigueroa@example.com,54,136928.73,Engineering,2024-11-27
6111,Mrs. Victoria Zavala,wattsjohn@example.net,32,85010.78,HR,2022-12-13
9624,Brian Price,paul96@example.com,37,70470.38,Marketing,2023-04-14
6850,Sherri Garcia,tonyabell@example.com,54,46528.31,HR,2021-11-19
8899,Mike Collins,roberttaylor@example.com,59,81444.53,Finance,2023-07-08
9537,Marcus Alvarado,qperry@example.com,26,117667.7,Finance,2021-11-08
6667,Christine Page,montestracy@example.org,74,149849.14,Engineering,2024-11-22
9091,John Davis,jaclynmartin@example.com,27,80972.46,Sales,2021-06-15
8626,Andrea Edwards,ashleybrown@example.org,23,116883.71,Finance,2020-09-29
7546,Nicholas Williams,djohnson@example.net,20,108365.19,Marketing,2020-04-09
6301,Sydney Wang,makayla08@example.com,22,78104.57,HR,2023-10-01
8927,Marcia Brewer,colin86@example.net,42,139056.42,Finance,2021-05-30
7863,Jill Wolfe,dannyvaughn@example.org,53,,Marketing,2023-04-06
2956,Bruce Alexander,rchoi@example.org,57,63421.39,Engineering,2021-03-10
6547,Brian Humphrey,robert46@example.com,58,146703.84,Sales,2024-12-04
3092,Ryan Garcia,jessesmith@example.com,62,109142.57,Engineering,2020-07-25
5380,Patricia Myers,odomshawn@example.com,22,31293.12,HR,2022-11-26
330,Mrs. Amanda Ferguson,lbradshaw@example.org,58,,Sales,2020-07-25
3181,Amy Baker,tonya64@example.net,53,145645.89,Marketing,2024-06-30
4090,Caitlin Munoz,wadecolin@example.net,33,59172.66,HR,2022-04-16
3920,Susan Mason,thomas44@example.org,20,,Marketing,2021-09-07
2595,Tyler Fowler,ericalozano@example.org,19,126891.25,Sales,2023-12-20
8650,Hannah King,acooley@example.org,49,98446.94,Marketing,2021-06-09
3246,Vickie Jordan,april51@example.org,22,91283.42,Sales,2023-02-23
2698,Christopher Miller,elliottcory@example.com,30,50346.35,Sales,2023-05-09
4040,Shelby Jacobson,xweeks@example.org,47,91737.77,Engineering,2020-10-25
5265,Jonathan Anthony,omullins@example.net,33,,HR,2022-11-07
480,Amber Jones,ckelley@example.org,52,48540.02,Marketing,2020-03-06
4615,Michael Martin,jacksonemily@example.net,26,79409.77,Engineering,2022-09-03
5550,Kenneth Collins,shannonbailey@example.org,69,43658.38,Engineering,2021-04-13
6320,Megan Parker,fgraham@example.org,21,,Finance,2020-06-16
4398,Jesse Reyes,evan23@example.net,43,124299.36,Sales,2021-02-09
8898,Stephanie Chandler,arnoldjennifer@example.net,57,35343.28,Marketing,2020-11-03
2042,Jillian Green,davisdavid@example.com,21,52327.18,Finance,2021-01-24
9939,Kelsey Vasquez,ihogan@example.com,19,57148.36,Marketing,2024-04-02
3617,Mary Powell,francisco70@example.com,66,135620.47,HR,2022-02-05
4384,Mrs. Jennifer Robinson,underwoodluis@example.org,32,77109.33,Marketing,2023-10-27
2522,Jasmine Brown,jparker@example.com,29,58077.23,HR,2021-08-17
2782,Terri Parks,kristine67@example.org,20,31851.39,HR,2022-07-20
3347,Patrick Reyes,wcrawford@example.com,58,53320.91,Marketing,2023-08-17
180,Loretta Scott,dorisjohnson@example.com,32,124429.63,Sales,2023-05-08
4296,Kelly Austin,wisedonna@example.com,57,,HR,2024-06-15
9414,Brenda Blackwell,ronaldgarrison@example.net,54,44683.42,Sales,2023-06-09
356,Shelby Banks,omyers@example.org,21,86514.49,HR,2022-07-31
2080,Thomas Moore,willie34@example.com,76,108002.68,Marketing,2024-04-18
284,Patricia Hale,mendozajeremy@example.com,77,51522.41,Marketing,2021-11-25
9468,Jessica Salinas,navarromelissa@example.net,61,47760.62,HR,2020-12-07
9038,Catherine Wilson,christopherknight@example.com,35,133054.74,Engineering,2022-02-24
9820,Michelle Baker,mlee@example.org,26,127149.89,HR,2022-05-14
9539,Mr. Corey Johnson,daniel81@example.org,51,140095.97,Sales,2022-05-13
3125,Wendy Berry,phillipsdarlene@example.com,63,89919.74,Sales,2024-12-29
4418,Heather Miller,norrisgeorge@example.com,63,116698.28,Sales,2022-01-15
7934,Krystal Shepherd,william08@example.com,72,137698.21,HR,2020-06-01
1549,Megan Washington,ipatel@example.com,22,110483.2,Engineering,2020-03-14
1832,Michael Barton,qevans@example.org,80,82342.7,Engineering,2022-08-15
5421,Leah Crawford,cochranmatthew@example.net,46,117059.12,Engineering,2021-04-27
9419,Jacqueline Foster,kwilliams@example.net,37,126621.05,Sales,2020-03-24
4543,Mary Gibbs,imorris@example.net,33,41038.25,Sales,2022-08-31
3451,Deborah Johnson,vfreeman@example.com,68,,Finance,2024-11-21
1435,Thomas Cortez,edwardjones@example.com,70,132600.39,HR,2022-07-16
9085,Rachael Richards,cardenaslacey@example.org,51,48111.4,Sales,2023-09-27
4389,Michelle Kelly,janet75@example.net,37,139620.21,Engineering,2022-07-23
7730,Tamara Garrett,kwang@example.org,68,31535.66,Engineering,2021-06-11
6628,Molly Mcbride,elizabethcox@example.org,62,110357.54,Finance,2023-09-10
3086,Elizabeth Drake,cooleykenneth@example.net,72,138367.42,Finance,2020-10-08
753,Kristin Johnson,tranpedro@example.com,73,93675.65,Marketing,2024-10-14
5826,Christine Wells,christinalee@example.net,35,96598.13,Sales,2024-12-06
5653,Kim Bennett,gomezstephen@example.org,23,91865.54,Marketing,2020-06-08
4206,Brittany Campbell,kcoleman@example.org,62,53047.87,Marketing,2024-03-16
9465,Joseph Ross,matthewcortez@example.net,24,103984.73,Finance,2020-01-13
